Lung area	Total (ml)	Inflated (ml)	Inflated (%)	Emphysema (ml)	Emphysema (%)	Infiltrated (ml)	Infiltrated (%)	Collapsed (ml)	Collapsed (%)	Affected (ml)	Affected (%)
Total lungs	4826.82	2977.4	62	0.557876	0	1675.06	34.7	173.802	3.6	1848.86	38
Right lung	2122.33	1158.59	55	0.331284	0	876.058	41.3	87.6783	4.1	963.737	45
Left lung	2704.49	1819.48	67	0.226592	0	798.997	29.5	86.1237	3.2	885.121	33
